key,ar,ku_review,tr_review,en
"appName","دليل كركوك","ڕێنمای کەرکووک","Kerkük Rehberi","Kirkuk Guide"
"tagline","كل ما تحتاجه في كركوك، في مكان واحد","هەموو پێداویستییەکانت لە کەرکووک، لە یەک شوێن","Kerkük'te ihtiyacınız olan her şey, tek yerde","Everything you need in Kirkuk, in one place"
"nav.saved","المحفوظات","پاشەکەوتکراو","Kaydedilenler","Saved"
"nav.where","وين نروح؟","بۆ کوێ بچین؟","Nereye?","Where to?"
"nav.offers","العروض","ئۆفەرەکان","Fırsatlar","Offers"
"nav.events","الفعاليات","بۆنەکان","Etkinlikler","Events"
"nav.home","الرئيسية","سەرەکی","Ana Sayfa","Home"
"nav.categories","الأقسام","بەشەکان","Kategoriler","Categories"
"nav.account","حسابي","هەژمارەکەم","Hesabım","Account"
"nav.login","دخول","چوونەژوورەوە","Giriş","Log in"
"nav.search","بحث","گەڕان","Ara","Search"
"nav.map","الخريطة","نەخشە","Harita","Map"
"nav.notifications","الإشعارات","ئاگادارکردنەوە","Bildirimler","Notifications"
"common.call","اتصال","پەیوەندی","Ara","Call"
"common.whatsapp","واتساب","واتساپ","WhatsApp","WhatsApp"
"common.verified","موثّق","پشتڕاستکراوە","Onaylı","Verified"
"common.featured","مميز","تایبەت","Öne çıkan","Featured"
"common.openNow","مفتوح الآن","ئێستا کراوەیە","Şimdi açık","Open now"
"common.all","الكل","هەموو","Tümü","All"
"common.empty","لا توجد نتائج بعد","هێشتا هیچ ئەنجامێک نییە","Henüz sonuç yok","Nothing here yet"
"common.back","رجوع","گەڕانەوە","Geri","Back"
"common.save","حفظ","پاشەکەوتکردن","Kaydet","Save"
"common.saving","جارٍ الحفظ…","پاشەکەوت دەکرێت…","Kaydediliyor…","Saving…"
"common.loading","جارٍ التحميل…","بارکردن…","Yükleniyor…","Loading…"
"common.theme","تبديل الوضع","گۆڕینی دۆخ","Temayı değiştir","Toggle theme"
"common.language","اللغة","زمان","Dil","Language"
"common.error","حدث خطأ، حاول مجدداً","هەڵەیەک ڕوویدا، دووبارە هەوڵبدەرەوە","Bir hata oluştu, tekrar deneyin","Something went wrong, please try again"
"home.categories","تصفّح الأقسام","گەڕان بە بەشەکاندا","Kategorilere göz at","Browse categories"
"home.duty","الصيدليات المناوبة اليوم","دەرمانخانە نۆبەتییەکانی ئەمڕۆ","Bugünün nöbetçi eczaneleri","Pharmacies on duty today"
"home.dutyEmpty","لم تُضف مناوبات اليوم بعد","هێشتا نۆبەتی ئەمڕۆ زیاد نەکراوە","Bugünün nöbetçileri henüz eklenmedi","Today's duty roster hasn't been added yet"
"home.districts","الأحياء والمناطق","گەڕەک و ناوچەکان","Mahalleler ve bölgeler","Neighbourhoods"
"home.setupTitle","المنصة غير موصولة بقاعدة البيانات بعد","پلاتفۆرم هێشتا بە بنکەدراوە بەستراوە نییە","Platform henüz veritabanına bağlı değil","The platform isn't connected to a database yet"
"home.setupBody","أضف مفاتيح Supabase في ملف ‎.env.local‎ ثم أعد التشغيل (انظر README).","کلیلەکانی Supabase لە .env.local زیاد بکە و دووبارە دەستپێبکەرەوە (README ببینە).","Supabase anahtarlarını .env.local dosyasına ekleyip yeniden başlatın (README).","Add your Supabase keys to .env.local and restart (see README)."
"category.businesses","الأنشطة","چالاکییەکان","İşletmeler","Businesses"
"category.noBusinesses","لا توجد أنشطة في هذا القسم بعد","هێشتا هیچ چالاکییەک لەم بەشەدا نییە","Bu kategoride henüz işletme yok","No businesses in this category yet"
"category.sub","أقسام فرعية","بەشە لاوەکییەکان","Alt kategoriler","Subcategories"
"auth.title","أهلاً بك في دليل كركوك","بەخێربێیت بۆ ڕێنمای کەرکووک","Kerkük Rehberi'ne hoş geldiniz","Welcome to Kirkuk Guide"
"auth.subtitle","سجّل دخولك للمتابعة والتقييم والنشر","بچۆ ژوورەوە بۆ فۆڵۆکردن و هەڵسەنگاندن و بڵاوکردنەوە","Takip, değerlendirme ve paylaşım için giriş yapın","Log in to follow, review and post"
"auth.tabPhone","رقم الهاتف","ژمارەی مۆبایل","Telefon","Phone"
"auth.tabEmail","البريد","ئیمەیڵ","E-posta","Email"
"auth.phone","رقم الهاتف","ژمارەی مۆبایل","Telefon numarası","Phone number"
"auth.phoneHint","مثال: 07701234567","نموونە: 07701234567","Örnek: 07701234567","e.g. 07701234567"
"auth.sendCode","إرسال رمز التحقق","ناردنی کۆدی پشتڕاستکردنەوە","Doğrulama kodu gönder","Send verification code"
"auth.code","رمز التحقق","کۆدی پشتڕاستکردنەوە","Doğrulama kodu","Verification code"
"auth.codeHint","أدخل الرمز المكوّن من 6 أرقام المرسل إلى","کۆدی ٦ ژمارەیی نێردراو بۆ ئەم ژمارەیە بنووسە","Şu numaraya gönderilen 6 haneli kodu girin:","Enter the 6-digit code sent to"
"auth.verify","تأكيد","پشتڕاستکردنەوە","Doğrula","Verify"
"auth.changeNumber","تغيير الرقم","گۆڕینی ژمارە","Numarayı değiştir","Change number"
"auth.resend","إعادة إرسال الرمز","دووبارە ناردنەوەی کۆد","Kodu yeniden gönder","Resend code"
"auth.email","البريد الإلكتروني","ئیمەیڵ","E-posta","Email"
"auth.password","كلمة المرور","وشەی نهێنی","Şifre","Password"
"auth.signIn","تسجيل الدخول","چوونەژوورەوە","Giriş yap","Log in"
"auth.signUp","إنشاء حساب","دروستکردنی هەژمار","Hesap oluştur","Create account"
"auth.haveAccount","لديك حساب؟","هەژمارت هەیە؟","Hesabınız var mı?","Already have an account?"
"auth.noAccount","ليس لديك حساب؟","هەژمارت نییە؟","Hesabınız yok mu?","No account yet?"
"auth.google","المتابعة عبر Google","بەردەوامبوون بە Google","Google ile devam et","Continue with Google"
"auth.or","أو","یان","veya","or"
"auth.checkEmail","تحقق من بريدك لتأكيد الحساب ثم سجّل الدخول.","ئیمەیڵەکەت بپشکنە بۆ پشتڕاستکردنەوە، پاشان بچۆ ژوورەوە.","Hesabı onaylamak için e-postanızı kontrol edip giriş yapın.","Check your email to confirm your account, then log in."
"auth.invalidPhone","رقم هاتف عراقي غير صالح","ژمارەی مۆبایلی عێراقی دروست نییە","Geçersiz Irak telefon numarası","Invalid Iraqi phone number"
"auth.invalidCode","رمز غير صحيح","کۆدەکە دروست نییە","Kod hatalı","Incorrect code"
"auth.invalidEmail","بريد غير صالح","ئیمەیڵ دروست نییە","Geçersiz e-posta","Invalid email"
"auth.shortPassword","كلمة المرور 8 أحرف على الأقل","وشەی نهێنی بەلایەنی کەمەوە ٨ پیت بێت","Şifre en az 8 karakter olmalı","Password must be at least 8 characters"
"auth.notConfigured","خدمة الدخول غير مهيأة بعد","خزمەتگوزاری چوونەژوورەوە ئامادە نەکراوە","Giriş servisi henüz yapılandırılmadı","Login service is not configured yet"
"auth.logout","تسجيل الخروج","چوونەدەرەوە","Çıkış yap","Log out"
"auth.terms","بالمتابعة فإنك توافق على شروط الاستخدام وسياسة الخصوصية.","بە بەردەوامبوون ڕازیت بە مەرجەکانی بەکارهێنان و سیاسەتی تایبەتمەندی.","Devam ederek kullanım şartlarını ve gizlilik politikasını kabul edersiniz.","By continuing you agree to the Terms of Use and Privacy Policy."
"account.title","حسابي","هەژمارەکەم","Hesabım","My account"
"account.fullName","الاسم الكامل","ناوی تەواو","Ad soyad","Full name"
"account.username","اسم المستخدم","ناوی بەکارهێنەر","Kullanıcı adı","Username"
"account.bio","نبذة","کورتەیەک","Hakkında","Bio"
"account.saved","تم الحفظ","پاشەکەوتکرا","Kaydedildi","Saved"
"account.usernameInvalid","3–30 حرفاً: أحرف إنكليزية صغيرة وأرقام و _","٣–٣٠ پیت: پیتی ئینگلیزی بچووک و ژمارە و _","3–30 karakter: küçük harf, rakam ve _","3–30 chars: lowercase letters, digits and _"
"account.nameRequired","الاسم مطلوب","ناو پێویستە","Ad gerekli","Name is required"
"account.role","الدور","ڕۆڵ","Rol","Role"
"account.roles.user","مستخدم","بەکارهێنەر","Kullanıcı","User"
"account.roles.owner","صاحب نشاط","خاوەن چالاکی","İşletme sahibi","Business owner"
"account.roles.moderator","مشرف","سەرپەرشتیار","Moderatör","Moderator"
"account.roles.admin","مدير","بەڕێوەبەر","Yönetici","Admin"
"account.usernameTaken","اسم المستخدم مستخدم مسبقاً","ناوی بەکارهێنەر پێشتر بەکارهاتووە","Kullanıcı adı alınmış","Username already taken"
"search.title","البحث","گەڕان","Ara","Search"
"search.placeholder","ابحث عن مطعم، صيدلية، كهربائي…","بگەڕێ بۆ چێشتخانە، دەرمانخانە، کارەبایی…","Restoran, eczane, elektrikçi ara…","Search restaurants, pharmacies, electricians…"
"search.submit","بحث","گەڕان","Ara","Search"
"search.filters","الفلاتر","فلتەرەکان","Filtreler","Filters"
"search.reset","مسح الفلاتر","سڕینەوەی فلتەر","Filtreleri temizle","Clear filters"
"search.category","القسم","بەش","Kategori","Category"
"search.district","المنطقة / الحي","ناوچە / گەڕەک","Bölge / Mahalle","Area / neighbourhood"
"search.anyCategory","كل الأقسام","هەموو بەشەکان","Tüm kategoriler","All categories"
"search.anyDistrict","كل المناطق","هەموو ناوچەکان","Tüm bölgeler","All areas"
"search.minRating","التقييم","هەڵسەنگاندن","Puan","Rating"
"search.anyRating","أي تقييم","هەر هەڵسەنگاندنێک","Herhangi","Any rating"
"search.ratingUp","فأكثر","و سەرووتر","ve üzeri","& up"
"search.openNow","مفتوح الآن","ئێستا کراوەیە","Şimdi açık","Open now"
"search.verifiedOnly","موثّق فقط","تەنها پشتڕاستکراو","Sadece onaylı","Verified only"
"search.sort","الترتيب","ڕیزبەندی","Sırala","Sort by"
"search.sorts.relevance","الأنسب","گونجاوترین","En uygun","Best match"
"search.sorts.nearest","الأقرب","نزیکترین","En yakın","Nearest"
"search.sorts.rating","الأعلى تقييماً","بەرزترین هەڵسەنگاندن","En yüksek puan","Top rated"
"search.sorts.newest","الأحدث","نوێترین","En yeni","Newest"
"search.nearMe","الأقرب إليّ","نزیکترین بە من","Bana en yakın","Near me"
"search.locating","جارٍ تحديد موقعك…","شوێنەکەت دیاری دەکرێت…","Konumunuz belirleniyor…","Finding your location…"
"search.locationDenied","تعذّر تحديد موقعك. فعّل صلاحية الموقع.","نەتوانرا شوێنەکەت دیاری بکرێت. ڕێگەپێدانی شوێن چالاک بکە.","Konum alınamadı. Konum iznini açın.","Couldn't get your location. Enable location access."
"search.results","نتيجة","ئەنجام","sonuç","results"
"search.noResults","لا توجد نتائج مطابقة. جرّب تعديل البحث أو الفلاتر.","هیچ ئەنجامێکی گونجاو نییە. گەڕان یان فلتەرەکان بگۆڕە.","Eşleşen sonuç yok. Aramayı veya filtreleri değiştirin.","No matching results. Try changing your search or filters."
"search.prev","السابق","پێشوو","Önceki","Previous"
"search.next","التالي","دواتر","Sonraki","Next"
"search.km","كم","کم","km","km"
"business.about","نبذة","دەربارە","Hakkında","About"
"business.hours","ساعات العمل","کاتی کارکردن","Çalışma saatleri","Opening hours"
"business.closed","مغلق","داخراوە","Kapalı","Closed"
"business.open24","٢٤ ساعة","٢٤ کاتژمێر","24 saat","24 hours"
"business.open","مفتوح الآن","ئێستا کراوەیە","Şimdi açık","Open now"
"business.closedNow","مغلق الآن","ئێستا داخراوە","Şimdi kapalı","Closed now"
"business.days[0]","الأحد","یەکشەممە","Pazar","Sunday"
"business.days[1]","الاثنين","دووشەممە","Pazartesi","Monday"
"business.days[2]","الثلاثاء","سێشەممە","Salı","Tuesday"
"business.days[3]","الأربعاء","چوارشەممە","Çarşamba","Wednesday"
"business.days[4]","الخميس","پێنجشەممە","Perşembe","Thursday"
"business.days[5]","الجمعة","هەینی","Cuma","Friday"
"business.days[6]","السبت","شەممە","Cumartesi","Saturday"
"business.products","المنتجات والخدمات","کاڵا و خزمەتگوزارییەکان","Ürünler ve hizmetler","Products & services"
"business.gallery","معرض الصور","گەلەری وێنە","Galeri","Gallery"
"business.address","العنوان","ناونیشان","Adres","Address"
"business.openInMaps","فتح في الخرائط","کردنەوە لە نەخشە","Haritada aç","Open in maps"
"business.share","مشاركة","هاوبەشکردن","Paylaş","Share"
"business.copied","تم نسخ الرابط","بەستەر کۆپی کرا","Bağlantı kopyalandı","Link copied"
"business.follow","متابعة","فۆڵۆکردن","Takip et","Follow"
"business.following","تتابعه","فۆڵۆت کردووە","Takip ediliyor","Following"
"business.followers","متابع","فۆڵۆوەر","takipçi","followers"
"business.views","مشاهدة","بینین","görüntülenme","views"
"business.loginToFollow","سجّل الدخول للمتابعة","بچۆ ژوورەوە بۆ فۆڵۆکردن","Takip için giriş yapın","Log in to follow"
"business.rating","التقييم","هەڵسەنگاندن","Puan","Rating"
"business.contact","تواصل","پەیوەندی","İletişim","Contact"
"business.currency.IQD","د.ع","د.ع","IQD","IQD"
"business.currency.USD","$","$","$","$"
"business.unavailable","غير متوفر","بەردەست نییە","Mevcut değil","Unavailable"
"map.title","الخريطة","نەخشە","Harita","Map"
"map.all","الكل","هەموو","Tümü","All"
"map.nearMe","الأقرب إليّ","نزیکترین بە من","Bana en yakın","Near me"
"map.locating","جارٍ تحديد موقعك…","شوێنەکەت دیاری دەکرێت…","Konumunuz belirleniyor…","Finding your location…"
"map.locationDenied","تعذّر تحديد موقعك","نەتوانرا شوێنەکەت دیاری بکرێت","Konum alınamadı","Couldn't get your location"
"map.youAreHere","موقعك","شوێنی تۆ","Konumunuz","You are here"
"map.viewPage","عرض الصفحة","بینینی پەڕە","Sayfayı gör","View page"
"map.nearest","الأقرب إليك","نزیکترینەکان","Size en yakın","Nearest to you"
"map.places","نشاط","چالاکی","işletme","places"
"feed.title","الخلاصة","ڕووداوەکان","Akış","Feed"
"feed.tabAll","الكل","هەموو","Tümü","All"
"feed.tabFollowing","من أتابعهم","ئەوانەی فۆڵۆم کردوون","Takip ettiklerim","Following"
"feed.empty","لا توجد منشورات بعد","هێشتا هیچ پۆستێک نییە","Henüz gönderi yok","No posts yet"
"feed.followingEmpty","تابع بعض الأنشطة لتظهر منشوراتها هنا","هەندێک چالاکی فۆڵۆ بکە بۆ ئەوەی پۆستەکانیان لێرە دەربکەون","Gönderilerini burada görmek için işletmeleri takip edin","Follow some businesses to see their posts here"
"feed.loadMore","عرض المزيد","زیاتر پیشان بدە","Daha fazla göster","Show more"
"post.like","إعجاب","بەدڵبوون","Beğen","Like"
"post.comment","تعليق","کۆمێنت","Yorum","Comment"
"post.comments","التعليقات","کۆمێنتەکان","Yorumlar","Comments"
"post.share","مشاركة","هاوبەشکردن","Paylaş","Share"
"post.copied","تم نسخ الرابط","بەستەر کۆپی کرا","Bağlantı kopyalandı","Link copied"
"post.delete","حذف","سڕینەوە","Sil","Delete"
"post.report","إبلاغ","ڕاپۆرت","Şikayet et","Report"
"post.reported","تم إرسال البلاغ، شكراً لك","ڕاپۆرتەکە نێردرا، سوپاس","Şikayetiniz alındı, teşekkürler","Report sent, thank you"
"post.confirmDelete","حذف هذا المنشور نهائياً؟","ئەم پۆستە بە تەواوی بسڕدرێتەوە؟","Bu gönderi kalıcı olarak silinsin mi?","Delete this post permanently?"
"post.offer","عرض","ئۆفەر","Fırsat","Offer"
"post.offerEnds","ينتهي","تەواو دەبێت","Bitiş","Ends"
"post.offerExpired","انتهى العرض","ئۆفەرەکە تەواو بوو","Fırsat sona erdi","Offer ended"
"post.writeComment","اكتب تعليقاً…","کۆمێنتێک بنووسە…","Yorum yazın…","Write a comment…"
"post.send","إرسال","ناردن","Gönder","Send"
"post.loginToInteract","سجّل الدخول للتفاعل","بچۆ ژوورەوە بۆ کارلێککردن","Etkileşim için giriş yapın","Log in to interact"
"post.noComments","لا توجد تعليقات بعد","هێشتا هیچ کۆمێنتێک نییە","Henüz yorum yok","No comments yet"
"post.cancel","إلغاء","هەڵوەشاندنەوە","İptal","Cancel"
"post.more","المزيد","زیاتر","Daha fazla","More"
"post.notFound","المنشور غير موجود","پۆست نەدۆزرایەوە","Gönderi bulunamadı","Post not found"
"post.reasons.spam","إعلان مزعج","ڕیکلامی بێزارکەر","Spam","Spam"
"post.reasons.fake","محتوى مزيف","ناوەڕۆکی ساختە","Sahte içerik","Fake content"
"post.reasons.inappropriate","محتوى غير لائق","ناوەڕۆکی نەشیاو","Uygunsuz içerik","Inappropriate"
"post.reasons.scam","احتيال","فێڵ","Dolandırıcılık","Scam"
"post.reasons.wrong_info","معلومات خاطئة","زانیاری هەڵە","Yanlış bilgi","Wrong information"
"post.reasons.other","سبب آخر","هۆکارێکی تر","Diğer","Other"
"post.errors.rate_limited","أنت تنشر بسرعة كبيرة، حاول لاحقاً","زۆر بە خێرایی بڵاو دەکەیتەوە، دواتر هەوڵبدەرەوە","Çok hızlı paylaşım yapıyorsunuz, sonra tekrar deneyin","You're posting too fast, try again later"
"post.errors.account_banned","حسابك محظور","هەژمارەکەت بلۆک کراوە","Hesabınız engellendi","Your account is banned"
"post.errors.generic","تعذّر تنفيذ العملية","نەتوانرا کارەکە ئەنجام بدرێت","İşlem gerçekleştirilemedi","Couldn't complete the action"
"composer.placeholder","بماذا تفكّر؟","بیر لە چی دەکەیتەوە؟","Ne düşünüyorsunuz?","What's on your mind?"
"composer.postAs","النشر باسم","بڵاوکردنەوە بە ناوی","Şu adla paylaş","Post as"
"composer.me","حسابي الشخصي","هەژماری کەسیم","Kişisel hesabım","My personal account"
"composer.isOffer","هذا عرض","ئەمە ئۆفەرە","Bu bir fırsat","This is an offer"
"composer.offerEnds","ينتهي العرض في","ئۆفەرەکە تەواو دەبێت لە","Fırsat bitişi","Offer ends on"
"composer.addPhotos","صور","وێنە","Fotoğraf","Photos"
"composer.publish","نشر","بڵاوکردنەوە","Paylaş","Post"
"composer.publishing","جارٍ النشر…","بڵاو دەکرێتەوە…","Paylaşılıyor…","Posting…"
"composer.maxPhotos","حتى 4 صور","تا ٤ وێنە","En fazla 4 fotoğraf","Up to 4 photos"
"composer.uploadError","فشل رفع الصورة","بارکردنی وێنە سەرکەوتوو نەبوو","Fotoğraf yüklenemedi","Photo upload failed"
"composer.addStory","إضافة قصة","زیادکردنی ستۆری","Hikâye ekle","Add story"
"composer.storyCaption","وصف (اختياري)","وەسف (ئارەزوومەندانە)","Açıklama (isteğe bağlı)","Caption (optional)"
"composer.storyShare","نشر القصة","بڵاوکردنەوەی ستۆری","Hikâyeyi paylaş","Share story"
"composer.loginPrompt","سجّل الدخول لتنشر وتتفاعل","بچۆ ژوورەوە بۆ بڵاوکردنەوە و کارلێککردن","Paylaşmak ve etkileşmek için giriş yapın","Log in to post and interact"
"composer.remove","إزالة","لابردن","Kaldır","Remove"
"composer.emptyPost","اكتب نصاً أو أضف صورة","دەقێک بنووسە یان وێنەیەک زیاد بکە","Bir metin yazın veya fotoğraf ekleyin","Write something or add a photo"
"notifications.title","الإشعارات","ئاگادارکردنەوەکان","Bildirimler","Notifications"
"notifications.empty","لا توجد إشعارات","هیچ ئاگادارکردنەوەیەک نییە","Bildirim yok","No notifications"
"notifications.markAll","تعليم الكل كمقروء","هەموو وەک خوێندراوە دیاری بکە","Tümünü okundu say","Mark all as read"
"notifications.follow","{actor} بدأ بمتابعة {business}","{actor} دەستی کرد بە فۆڵۆکردنی {business}","{actor}, {business} işletmesini takip etmeye başladı","{actor} started following {business}"
"notifications.like","{actor} أعجبه منشورك","{actor} پۆستەکەتی بەدڵ بوو","{actor} gönderinizi beğendi","{actor} liked your post"
"notifications.comment","{actor} علّق على منشورك","{actor} کۆمێنتی لەسەر پۆستەکەت کرد","{actor} gönderinize yorum yaptı","{actor} commented on your post"
"notifications.offer","{business} نشر عرضاً جديداً","{business} ئۆفەرێکی نوێی بڵاوکردەوە","{business} yeni bir fırsat paylaştı","{business} posted a new offer"
"notifications.events.submission_approved","تمت الموافقة على اقتراحك «{name}»","پێشنیارەکەت «{name}» پەسەند کرا","«{name}» öneriniz onaylandı","Your suggestion “{name}” was approved"
"notifications.events.submission_rejected","لم نتمكن من قبول اقتراحك «{name}»","نەمانتوانی پێشنیارەکەت «{name}» وەربگرین","«{name}» önerinizi kabul edemedik","We couldn't accept your suggestion “{name}”"
"notifications.events.claim_approved","تمت الموافقة على مطالبتك بصفحتك","داواکارییەکەت بۆ پەڕەکە پەسەند کرا","Sayfa talebiniz onaylandı","Your page claim was approved"
"notifications.events.claim_rejected","تم رفض مطالبتك بالصفحة","داواکارییەکەت بۆ پەڕەکە ڕەتکرایەوە","Sayfa talebiniz reddedildi","Your page claim was declined"
"notifications.events.event_published","تم نشر فعاليتك «{name}»","بۆنەکەت «{name}» بڵاوکرایەوە","«{name}» etkinliğiniz yayınlandı","Your event “{name}” was published"
"notifications.events.event_hidden","لم تُنشر فعاليتك «{name}»","بۆنەکەت «{name}» بڵاو نەکرایەوە","«{name}» etkinliğiniz yayınlanmadı","Your event “{name}” wasn't published"
"notifications.review","{actor} قيّم {business}","{actor} {business}ی هەڵسەنگاند","{actor}, {business} işletmesini değerlendirdi","{actor} reviewed {business}"
"notifications.review_reply","{business} ردّ على تقييمك","{business} وەڵامی هەڵسەنگاندنەکەتی دایەوە","{business} değerlendirmenize yanıt verdi","{business} replied to your review"
"notifications.post","{business} نشر منشوراً جديداً","{business} پۆستێکی نوێی بڵاوکردەوە","{business} yeni bir gönderi paylaştı","{business} shared a new post"
"notifications.system","إشعار جديد","ئاگادارکردنەوەی نوێ","Yeni bildirim","New notification"
"notifications.someone","أحد المستخدمين","بەکارهێنەرێک","Bir kullanıcı","Someone"
"stories.title","القصص","ستۆرییەکان","Hikâyeler","Stories"
"stories.close","إغلاق","داخستن","Kapat","Close"
"stories.next","التالي","دواتر","Sonraki","Next"
"stories.prev","السابق","پێشوو","Önceki","Previous"
"profile.myPosts","منشوراتي","پۆستەکانم","Gönderilerim","My posts"
"profile.following","الأنشطة التي أتابعها","ئەو چالاکییانەی فۆڵۆم کردوون","Takip ettiğim işletmeler","Businesses I follow"
"profile.noPosts","لم تنشر شيئاً بعد","هێشتا هیچت بڵاو نەکردووەتەوە","Henüz paylaşım yapmadınız","You haven't posted yet"
"profile.noFollowing","لا تتابع أي نشاط بعد","هێشتا هیچ چالاکییەکت فۆڵۆ نەکردووە","Henüz hiçbir işletmeyi takip etmiyorsunuz","You don't follow any business yet"
"reviews.title","التقييمات","هەڵسەنگاندنەکان","Değerlendirmeler","Reviews"
"reviews.write","قيّم هذا النشاط","ئەم چالاکییە هەڵبسەنگێنە","Bu işletmeyi değerlendir","Rate this business"
"reviews.edit","تعديل تقييمك","دەستکاریکردنی هەڵسەنگاندن","Değerlendirmeni düzenle","Edit your review"
"reviews.yourRating","تقييمك","هەڵسەنگاندنەکەت","Puanın","Your rating"
"reviews.placeholder","شاركنا تجربتك (اختياري)","ئەزموونەکەت هاوبەش بکە (ئارەزوومەندانە)","Deneyimini paylaş (isteğe bağlı)","Share your experience (optional)"
"reviews.submit","نشر التقييم","بڵاوکردنەوەی هەڵسەنگاندن","Değerlendirmeyi yayınla","Post review"
"reviews.update","تحديث التقييم","نوێکردنەوە","Güncelle","Update review"
"reviews.delete","حذف تقييمي","سڕینەوەی هەڵسەنگاندنەکەم","Değerlendirmemi sil","Delete my review"
"reviews.reply","رد","وەڵام","Yanıtla","Reply"
"reviews.replyPlaceholder","اكتب ردك على هذا التقييم…","وەڵامەکەت بنووسە…","Yanıtınızı yazın…","Write your reply…"
"reviews.ownerReply","رد صاحب النشاط","وەڵامی خاوەنی چالاکی","İşletme yanıtı","Owner's reply"
"reviews.noReviews","لا توجد تقييمات بعد، كن أول من يقيّم","هێشتا هیچ هەڵسەنگاندنێک نییە، یەکەم کەس بە","Henüz değerlendirme yok, ilk siz olun","No reviews yet — be the first"
"reviews.loginToReview","سجّل الدخول لتقيّم","بچۆ ژوورەوە بۆ هەڵسەنگاندن","Değerlendirmek için giriş yapın","Log in to review"
"reviews.ownerCannot","لا يمكنك تقييم نشاطك الخاص","ناتوانیت چالاکی خۆت هەڵبسەنگێنیت","Kendi işletmenizi değerlendiremezsiniz","You can't review your own business"
"reviews.stars","من 5","لە ٥","/ 5","out of 5"
"reviews.sent","تم حفظ تقييمك","هەڵسەنگاندنەکەت پاشەکەوت کرا","Değerlendirmeniz kaydedildi","Your review was saved"
"reviews.pickRating","اختر عدد النجوم","ژمارەی ئەستێرەکان هەڵبژێرە","Yıldız sayısını seçin","Pick a star rating"
"listings.title","الإعلانات المبوّبة","ڕیکلامە پۆلێنکراوەکان","İlanlar","Classifieds"
"listings.kinds.property","العقارات","خانووبەرە","Emlak","Real estate"
"listings.kinds.vehicle","السيارات والماطورات","ئۆتۆمبێل و مۆتۆر","Araç ve motosiklet","Cars & motorbikes"
"listings.kinds.job","الوظائف","کار","İş ilanları","Jobs"
"listings.post","أضف إعلاناً","ڕیکلامێک زیاد بکە","İlan ver","Post an ad"
"listings.filters","الفلاتر","فلتەرەکان","Filtreler","Filters"
"listings.apply","تطبيق","جێبەجێکردن","Uygula","Apply"
"listings.reset","مسح","سڕینەوە","Temizle","Clear"
"listings.any","الكل","هەموو","Tümü","Any"
"listings.results","إعلان","ڕیکلام","ilan","ads"
"listings.noResults","لا توجد إعلانات مطابقة","هیچ ڕیکلامێکی گونجاو نییە","Eşleşen ilan yok","No matching ads"
"listings.search","ابحث في الإعلانات…","لە ڕیکلامەکاندا بگەڕێ…","İlanlarda ara…","Search ads…"
"listings.deal.sale","بيع","فرۆشتن","Satılık","For sale"
"listings.deal.rent","إيجار","کرێ","Kiralık","For rent"
"listings.deal.wanted","مطلوب","پێویستە","Aranıyor","Wanted"
"listings.types.apartment","شقة","شوقە","Daire","Apartment"
"listings.types.house","بيت","خانوو","Ev","House"
"listings.types.villa","فيلا","ڤێلا","Villa","Villa"
"listings.types.land","أرض","زەوی","Arsa","Land"
"listings.types.shop","محل","دوکان","Dükkan","Shop"
"listings.types.office","مكتب","نووسینگە","Ofis","Office"
"listings.types.car","سيارة","ئۆتۆمبێل","Otomobil","Car"
"listings.types.motorcycle","ماطور / دراجة","مۆتۆر / پاسکیل","Motosiklet / bisiklet","Motorbike / bicycle"
"listings.types.parts","قطع غيار","پارچەی یەدەگ","Yedek parça","Spare parts"
"listings.jobTypes.offer","مطلوب موظف","کارمەند پێویستە","Eleman aranıyor","Hiring"
"listings.jobTypes.seeking","أبحث عن عمل","بەدوای کار دەگەڕێم","İş arıyorum","Looking for work"
"listings.employment.full","دوام كامل","کاتی تەواو","Tam zamanlı","Full-time"
"listings.employment.part","دوام جزئي","کاتی نیمچە","Yarı zamanlı","Part-time"
"listings.employment.contract","عقد","گرێبەست","Sözleşmeli","Contract"
"listings.employment.freelance","عمل حر","کاری ئازاد","Serbest","Freelance"
"listings.sort.newest","الأحدث","نوێترین","En yeni","Newest"
"listings.sort.price_asc","الأرخص","هەرزانترین","En ucuz","Cheapest"
"listings.sort.price_desc","الأغلى","گرانترین","En pahalı","Most expensive"
"listings.f.title","عنوان الإعلان","ناونیشانی ڕیکلام","İlan başlığı","Ad title"
"listings.f.description","الوصف","وەسف","Açıklama","Description"
"listings.f.price","السعر","نرخ","Fiyat","Price"
"listings.f.currency","العملة","دراو","Para birimi","Currency"
"listings.f.district","المنطقة","ناوچە","Bölge","Area"
"listings.f.area","المساحة (م²)","ڕووبەر (م²)","Alan (m²)","Area (m²)"
"listings.f.rooms","عدد الغرف","ژمارەی ژوور","Oda sayısı","Rooms"
"listings.f.baths","الحمامات","حەمام","Banyo","Bathrooms"
"listings.f.floor","الطابق","نهۆم","Kat","Floor"
"listings.f.make","الماركة","مارکە","Marka","Make"
"listings.f.model","الموديل","مۆدێل","Model","Model"
"listings.f.year","سنة الصنع","ساڵی دروستکردن","Model yılı","Year"
"listings.f.mileage","المسافة المقطوعة (كم)","مەودای بڕاو (کم)","Kilometre","Mileage (km)"
"listings.f.fuel","الوقود","سووتەمەنی","Yakıt","Fuel"
"listings.f.salary","الراتب","مووچە","Maaş","Salary"
"listings.f.phone","رقم الهاتف","ژمارەی مۆبایل","Telefon","Phone"
"listings.f.photos","الصور (حتى 6)","وێنەکان (تا ٦)","Fotoğraflar (en fazla 6)","Photos (up to 6)"
"listings.f.deal","نوع الإعلان","جۆری ڕیکلام","İlan türü","Ad type"
"listings.f.type","النوع","جۆر","Tür","Type"
"listings.f.employment","نوع الدوام","جۆری کار","Çalışma şekli","Employment"
"listings.f.minPrice","السعر من","نرخ لە","Fiyat min","Min price"
"listings.f.maxPrice","السعر إلى","نرخ بۆ","Fiyat maks","Max price"
"listings.f.minArea","المساحة من","ڕووبەر لە","Alan min","Min area"
"listings.f.minRooms","غرف (على الأقل)","ژوور (لانیکەم)","Oda (en az)","Rooms (min)"
"listings.f.minYear","السنة من","ساڵ لە","Yıl min","Year from"
"listings.negotiable","السعر عند الاتصال","نرخ بە پەیوەندی","Fiyat için arayın","Call for price"
"listings.contact","تواصل مع المعلن","پەیوەندی بە ڕیکلامکەر","İlan sahibiyle iletişim","Contact the advertiser"
"listings.mine","إعلاناتي","ڕیکلامەکانم","İlanlarım","My ads"
"listings.markSold","تمّ (بيع/إيجار/توظيف)","تەواو بوو","Tamamlandı","Mark as done"
"listings.reactivate","إعادة التفعيل","چالاککردنەوە","Yeniden etkinleştir","Reactivate"
"listings.delete","حذف الإعلان","سڕینەوەی ڕیکلام","İlanı sil","Delete ad"
"listings.confirmDelete","حذف هذا الإعلان نهائياً؟","ئەم ڕیکلامە بە تەواوی بسڕدرێتەوە؟","Bu ilan kalıcı olarak silinsin mi?","Delete this ad permanently?"
"listings.sold","منتهي","تەواو بوو","Sona erdi","Closed"
"listings.published","تم نشر إعلانك","ڕیکلامەکەت بڵاوکرایەوە","İlanınız yayınlandı","Your ad is live"
"listings.workshops","ورش صيانة السيارات","کارگەی چاکسازی ئۆتۆمبێل","Oto servisler","Car workshops"
"listings.views","مشاهدة","بینین","görüntülenme","views"
"listings.noMine","لا توجد إعلانات لديك بعد","هێشتا هیچ ڕیکلامێکت نییە","Henüz ilanınız yok","You have no ads yet"
"listings.details","التفاصيل","وردەکاری","Ayrıntılar","Details"
"listings.areaUnit","م²","م²","m²","m²"
"listings.rooms","غرف","ژوور","oda","rooms"
"listings.baths","حمامات","حەمام","banyo","baths"
"listings.floor","الطابق","نهۆم","Kat","Floor"
"listings.km","كم","کم","km","km"
"listings.featured","مميز","تایبەت","Öne çıkan","Featured"
"listings.featuredNote","الإعلانات المميزة تظهر أولاً","ڕیکلامە تایبەتەکان یەکەم دەردەکەون","Öne çıkan ilanlar önce görünür","Featured ads appear first"
"listings.loginToPost","سجّل الدخول لتضيف إعلاناً","بچۆ ژوورەوە بۆ زیادکردنی ڕیکلام","İlan vermek için giriş yapın","Log in to post an ad"
"listings.invalid","تحقّق من الحقول المطلوبة","خانە پێویستەکان بپشکنە","Zorunlu alanları kontrol edin","Check the required fields"
"listings.uploadError","فشل رفع الصورة","بارکردنی وێنە سەرکەوتوو نەبوو","Fotoğraf yüklenemedi","Photo upload failed"
"listings.currencies.IQD","د.ع","د.ع","IQD","IQD"
"listings.currencies.USD","$","$","$","$"
"live.title","خدمات مباشرة","خزمەتگوزاری ڕاستەوخۆ","Canlı hizmetler","Live services"
"live.pharmacies","الصيدليات المناوبة","دەرمانخانە نۆبەتییەکان","Nöbetçi eczaneler","Pharmacies on duty"
"live.fuel","محطات البنزين","وێستگەی بەنزین","Akaryakıt istasyonları","Fuel stations"
"live.water","محطات الماء","وێستگەی ئاو","Su istasyonları","Water stations"
"live.dutyToday","مناوبة اليوم","نۆبەتی ئەمڕۆ","Bugünün nöbetçileri","On duty today"
"live.dutyTomorrow","مناوبة غداً","نۆبەتی سبەینێ","Yarının nöbetçileri","On duty tomorrow"
"live.noDuty","لم تُضَف المناوبات بعد","هێشتا نۆبەتەکان زیاد نەکراون","Nöbet listesi henüz eklenmedi","Duty roster not added yet"
"live.allPharmacies","كل الصيدليات","هەموو دەرمانخانەکان","Tüm eczaneler","All pharmacies"
"live.status.available","متوفر","بەردەستە","Mevcut","Available"
"live.status.unavailable","غير متوفر","بەردەست نییە","Yok","Unavailable"
"live.status.queue","طابور","ڕیز","Kuyruk","Queue"
"live.queue[0]","بدون طابور","بێ ڕیز","Kuyruk yok","No queue"
"live.queue[1]","طابور قصير","ڕیزی کورت","Kısa kuyruk","Short queue"
"live.queue[2]","طابور متوسط","ڕیزی مامناوەند","Orta kuyruk","Medium queue"
"live.queue[3]","طابور طويل","ڕیزی درێژ","Uzun kuyruk","Long queue"
"live.noReports","لا توجد بلاغات حديثة","هیچ ڕاپۆرتێکی تازە نییە","Güncel bildirim yok","No recent reports"
"live.report","أبلغ عن الحالة","ڕاپۆرتی دۆخ بدە","Durumu bildir","Report status"
"live.reportThanks","شكراً، تم تسجيل بلاغك","سوپاس، ڕاپۆرتەکەت تۆمار کرا","Teşekkürler, bildiriminiz alındı","Thanks, your report was recorded"
"live.updated","آخر تحديث","دوایین نوێکردنەوە","Son güncelleme","Updated"
"live.reports","بلاغ","ڕاپۆرت","bildirim","reports"
"live.addDuty","سجّل مناوبة صيدليتي","نۆبەتی دەرمانخانەکەم تۆمار بکە","Eczanemin nöbetini ekle","Add my pharmacy's duty"
"live.dutyDate","التاريخ","بەروار","Tarih","Date"
"live.dutyNote","ملاحظة (اختياري)","تێبینی (ئارەزوومەندانە)","Not (isteğe bağlı)","Note (optional)"
"live.dutyAdded","تمت إضافة المناوبة","نۆبەتەکە زیاد کرا","Nöbet eklendi","Duty added"
"live.loginToReport","سجّل الدخول لتبلّغ","بچۆ ژوورەوە بۆ ڕاپۆرتدان","Bildirmek için giriş yapın","Log in to report"
"live.hint","الحالة مبنية على بلاغات المستخدمين خلال آخر 6 ساعات","دۆخەکە لەسەر ڕاپۆرتی بەکارهێنەران دامەزراوە لە ٦ کاتژمێری ڕابردوودا","Durum, son 6 saatteki kullanıcı bildirimlerine dayanır","Status is based on user reports from the last 6 hours"
"live.queueLevel","حجم الطابور","قەبارەی ڕیز","Kuyruk yoğunluğu","Queue size"
"live.send","إرسال","ناردن","Gönder","Send"
"live.today","اليوم","ئەمڕۆ","Bugün","Today"
"live.tomorrow","غداً","سبەینێ","Yarın","Tomorrow"
"home2.classifieds","الإعلانات المبوّبة","ڕیکلامە پۆلێنکراوەکان","İlanlar","Classifieds"
"home2.live","خدمات مباشرة","خزمەتگوزاری ڕاستەوخۆ","Canlı hizmetler","Live services"
"now.greet.morning","صباح الخير","بەیانیت باش","Günaydın","Good morning"
"now.greet.afternoon","نهارك سعيد","ڕۆژت باش","İyi günler","Good afternoon"
"now.greet.evening","مساء الخير","ئێوارەت باش","İyi akşamlar","Good evening"
"now.greet.night","ليلة سعيدة","شەوت باش","İyi geceler","Good night"
"now.headline","شنو أكو اليوم في {city}؟","ئەمڕۆ لە {city} چی هەیە؟","Bugün {city}'de neler var?","What's on in {city} today?"
"now.whatToDo","ماذا تريد أن تفعل؟","دەتەوێت چی بکەیت؟","Ne yapmak istersin?","What do you want to do?"
"now.intents.eat","أكل","خواردن","Yemek","Eat"
"now.intents.coffee","قهوة","قاوە","Kahve","Coffee"
"now.intents.shop","تسوق","بازاڕ","Alışveriş","Shop"
"now.intents.pharmacy","صيدلية","دەرمانخانە","Eczane","Pharmacy"
"now.intents.doctor","طبيب","دکتۆر","Doktor","Doctor"
"now.intents.kids","للأطفال","بۆ منداڵان","Çocuklar","Kids"
"now.whereCard","وين نروح؟","بۆ کوێ بچین؟","Nereye gidelim?","Where to go?"
"now.whereSub","قلّنا مين وياك وميزانيتك، ونقترح لك مكاناً مفتوحاً الآن","پێمان بڵێ لەگەڵ کێیت و بودجەکەت، شوێنێکی کراوەت بۆ پێشنیار دەکەین","Kiminle olduğunu ve bütçeni söyle, şu an açık bir yer önerelim","Tell us who's with you and your budget, and we'll suggest a place that's open now"
"now.openNow","مفتوح الآن","ئێستا کراوەیە","Şimdi açık","Open now"
"now.offersToday","عروض اليوم","ئۆفەرەکانی ئەمڕۆ","Bugünün fırsatları","Today's offers"
"now.events","شنو أكو اليوم؟","ئەمڕۆ چی هەیە؟","Bugün neler var?","What's on today?"
"now.newPlaces","جديد في {city}","نوێ لە {city}","{city}'de yeni","New in {city}"
"now.seeAll","عرض الكل","بینینی هەمووی","Tümünü gör","See all"
"now.closesAt","يغلق {time}","دادەخرێت {time}","{time} kapanır","Closes {time}"
"now.endsIn","ينتهي {when}","تەواو دەبێت {when}","Bitiş: {when}","Ends {when}"
"now.noOffers","لا توجد عروض فعّالة الآن","ئێستا هیچ ئۆفەرێک نییە","Şu an aktif fırsat yok","No active offers right now"
"now.noEvents","لا توجد فعاليات قادمة","هیچ بۆنەیەکی داهاتوو نییە","Yaklaşan etkinlik yok","No upcoming events"
"now.noOpen","لا يوجد ما هو مفتوح الآن","ئێستا هیچ شتێک کراوە نییە","Şu an açık yer yok","Nothing is open right now"
"now.today","اليوم","ئەمڕۆ","Bugün","Today"
"now.tomorrow","غداً","سبەینێ","Yarın","Tomorrow"
"now.verified","تحقق قبل {when}","پشتڕاستکراوەتەوە {when}","Doğrulandı: {when}","Verified {when}"
"where.title","وين نروح؟","بۆ کوێ بچین؟","Nereye gidelim?","Where to go?"
"where.q1","مع مين؟","لەگەڵ کێ؟","Kiminle?","Who's with you?"
"where.q2","شكد ميزانيتك؟","بودجەت چەندە؟","Bütçen ne kadar?","What's your budget?"
"where.q3","شكد المسافة؟","مەودا چەند بێت؟","Ne kadar uzaklık?","How far?"
"where.audiences.family","عائلة","خێزان","Aile","Family"
"where.audiences.couple","شخصين","دوو کەس","İki kişi","Two of us"
"where.audiences.friends","أصدقاء","هاوڕێیان","Arkadaşlar","Friends"
"where.audiences.kids","أطفال","منداڵان","Çocuklar","Kids"
"where.audiences.solo","لحالي","تەنیا","Tek başıma","Just me"
"where.budgets.1","اقتصادي","ئابووری","Ekonomik","Budget"
"where.budgets.2","متوسط","مامناوەند","Orta","Mid-range"
"where.budgets.3","مرتفع","بەرز","Yüksek","High"
"where.budgets.4","فاخر","لوکس","Lüks","Luxury"
"where.distances.2","قريب (2 كم)","نزیک (٢ کم)","Yakın (2 km)","Close (2 km)"
"where.distances.5","5 كم","٥ کم","5 km","5 km"
"where.distances.10","10 كم","١٠ کم","10 km","10 km"
"where.distances.any","أي مسافة","هەر مەودایەک","Fark etmez","Any distance"
"where.useLocation","استخدم موقعي","شوێنەکەم بەکاربهێنە","Konumumu kullan","Use my location"
"where.cityCenter","المسافة محسوبة من مركز المدينة","مەودا لە ناوەندی شار حیساب کراوە","Mesafe şehir merkezinden hesaplanır","Distances are measured from the city centre"
"where.locating","جارٍ تحديد موقعك…","شوێنەکەت دیاری دەکرێت…","Konumunuz belirleniyor…","Finding your location…"
"where.denied","تعذّر تحديد موقعك، سنستخدم مركز المدينة","شوێنەکەت دیاری نەکرا، ناوەندی شار بەکاردێنین","Konum alınamadı, şehir merkezi kullanılacak","Couldn't get your location, using the city centre"
"where.suggest","اقترح لي","پێشنیارم بۆ بکە","Öner","Suggest"
"where.surprise","فاجئني","سەرم سوڕبهێنە","Şaşırt beni","Surprise me"
"where.again","ابدأ من جديد","لە سەرەتاوە","Baştan başla","Start over"
"where.another","اقتراح آخر","پێشنیاری تر","Başka öneri","Another suggestion"
"where.back","رجوع","گەڕانەوە","Geri","Back"
"where.next","التالي","دواتر","İleri","Next"
"where.noResults","ما لقينا شي مفتوح الآن بهالمواصفات — جرّب مسافة أبعد أو ميزانية أعلى","هیچ شوێنێکی کراوە بەم مەرجانە نەدۆزرایەوە — مەودای زیاتر یان بودجەی بەرزتر تاقی بکەرەوە","Bu kriterlere uyan açık yer bulunamadı — daha uzak mesafe veya yüksek bütçe deneyin","Nothing open right now matches that — try a longer distance or a higher budget"
"where.why","ليش هذا؟","بۆچی ئەمە؟","Neden bu?","Why this?"
"where.results","اقتراحاتنا لك","پێشنیارەکانمان بۆ تۆ","Sana önerilerimiz","Our suggestions for you"
"where.reasonOpenUntil","مفتوح حتى {time}","کراوەیە تا {time}","{time}'e kadar açık","Open until {time}"
"where.reasonOpen","مفتوح الآن","ئێستا کراوەیە","Şimdi açık","Open now"
"where.reasonKm","{km} كم","{km} کم","{km} km","{km} km"
"where.reasonFrom","من مركز المدينة","لە ناوەندی شار","şehir merkezinden","from the city centre"
"where.reasonBest","تقييم {rating}","هەڵسەنگاندن {rating}","Puan {rating}","Rated {rating}"
"where.reasonAudience.family","مناسب للعوائل","گونجاوە بۆ خێزان","Aileye uygun","Family friendly"
"where.reasonAudience.couple","مناسب لشخصين","گونجاوە بۆ دوو کەس","İki kişiye uygun","Good for two"
"where.reasonAudience.friends","مناسب للأصدقاء","گونجاوە بۆ هاوڕێیان","Arkadaşlara uygun","Good for friends"
"where.reasonAudience.kids","مناسب للأطفال","گونجاوە بۆ منداڵان","Çocuklara uygun","Good for kids"
"where.reasonAudience.solo","مناسب لوحدك","گونجاوە بۆ تەنیا","Tek başına uygun","Good on your own"
"offers.title","العروض","ئۆفەرەکان","Fırsatlar","Offers"
"offers.empty","لا توجد عروض فعّالة الآن","ئێستا هیچ ئۆفەرێکی چالاک نییە","Şu an aktif fırsat yok","No active offers right now"
"offers.add","أضف عرضاً","ئۆفەرێک زیاد بکە","Fırsat ekle","Add an offer"
"offers.titleF","عنوان العرض","ناونیشانی ئۆفەر","Fırsat başlığı","Offer title"
"offers.detailsF","التفاصيل (اختياري)","وردەکاری (ئارەزوومەندانە)","Ayrıntılar (isteğe bağlı)","Details (optional)"
"offers.endsF","ينتهي في","تەواو دەبێت لە","Bitiş tarihi","Ends on"
"offers.business","النشاط","چالاکی","İşletme","Business"
"offers.published","تم نشر العرض","ئۆفەرەکە بڵاوکرایەوە","Fırsat yayınlandı","Offer published"
"offers.note","تختفي العروض تلقائياً عند انتهائها","ئۆفەرەکان بە خۆکاری لە کاتی تەواوبوون دەسڕێنەوە","Fırsatlar bitince otomatik olarak kaldırılır","Offers disappear automatically when they end"
"offers.ends","ينتهي","تەواو دەبێت","Bitiş","Ends"
"offers.loginOwner","سجّل الدخول بحساب صاحب نشاط لتضيف عرضاً","بە هەژماری خاوەن چالاکی بچۆ ژوورەوە بۆ زیادکردنی ئۆفەر","Fırsat eklemek için işletme hesabıyla giriş yapın","Log in with a business account to add an offer"
"events.title","الفعاليات","بۆنەکان","Etkinlikler","Events"
"events.empty","لا توجد فعاليات قادمة","هیچ بۆنەیەکی داهاتوو نییە","Yaklaşan etkinlik yok","No upcoming events"
"events.suggest","اقترح فعالية","بۆنەیەک پێشنیار بکە","Etkinlik öner","Suggest an event"
"events.name","اسم الفعالية","ناوی بۆنە","Etkinlik adı","Event name"
"events.details","التفاصيل","وردەکاری","Ayrıntılar","Details"
"events.category","النوع","جۆر","Tür","Type"
"events.starts","تبدأ في","دەست پێدەکات لە","Başlangıç","Starts at"
"events.venue","المكان","شوێن","Mekân","Venue"
"events.submitted","وصلتنا فعاليتك وستظهر بعد المراجعة","بۆنەکەت گەیشت و دوای پێداچوونەوە دەردەکەوێت","Etkinliğiniz alındı, incelemeden sonra yayınlanacak","Thanks! Your event will appear after review"
"events.loginToSuggest","سجّل الدخول لتقترح فعالية","بچۆ ژوورەوە بۆ پێشنیارکردنی بۆنە","Etkinlik önermek için giriş yapın","Log in to suggest an event"
"events.location","الموقع","شوێن","Konum","Location"
"events.cats.music","موسيقى","مۆسیقا","Müzik","Music"
"events.cats.family","عائلية","خێزانی","Aile","Family"
"events.cats.sports","رياضة","وەرزش","Spor","Sports"
"events.cats.culture","ثقافة","کولتووری","Kültür","Culture"
"events.cats.food","طعام","خواردن","Yemek","Food"
"events.cats.education","تعليم","خوێندن","Eğitim","Education"
"events.cats.charity","خيرية","خێرخوازی","Hayır","Charity"
"events.cats.other","أخرى","هی تر","Diğer","Other"
"suggest.title","اقترح مكاناً","شوێنێک پێشنیار بکە","Mekân öner","Suggest a place"
"suggest.step1","الأساسيات","بنەڕەتییەکان","Temel bilgiler","Basics"
"suggest.step2","التفاصيل (اختياري)","وردەکاری (ئارەزوومەندانە)","Ayrıntılar (isteğe bağlı)","Details (optional)"
"suggest.name","اسم المكان","ناوی شوێن","Mekân adı","Place name"
"suggest.category","التصنيف","پۆل","Kategori","Category"
"suggest.pickLocation","حدّد الموقع على الخريطة","شوێن لەسەر نەخشە دیاری بکە","Haritada konumu seçin","Pick the location on the map"
"suggest.tapMap","اضغط على الخريطة لتحديد الموقع","لەسەر نەخشە کلیک بکە","Konum için haritaya dokunun","Tap the map to set the location"
"suggest.myLocation","موقعي","شوێنی من","Konumum","My location"
"suggest.district","الحي","گەڕەک","Mahalle","Neighbourhood"
"suggest.phone","الهاتف","مۆبایل","Telefon","Phone"
"suggest.address","العنوان / أقرب معلم","ناونیشان / نزیکترین نیشانە","Adres / yakın nokta","Address / nearest landmark"
"suggest.description","وصف مختصر","وەسفی کورت","Kısa açıklama","Short description"
"suggest.isOwner","أنا صاحب هذا المكان","من خاوەنی ئەم شوێنەم","Bu mekânın sahibiyim","I own this place"
"suggest.next","التالي","دواتر","İleri","Next"
"suggest.back","رجوع","گەڕانەوە","Geri","Back"
"suggest.submit","إرسال للمراجعة","ناردن بۆ پێداچوونەوە","İncelemeye gönder","Send for review"
"suggest.sent","وصل اقتراحك وسيراجعه فريقنا قريباً","پێشنیارەکەت گەیشت و تیمەکەمان پێداچوونەوەی بۆ دەکات","Öneriniz alındı, ekibimiz yakında inceleyecek","Thanks! Our team will review your suggestion soon"
"suggest.another","اقترح مكاناً آخر","شوێنێکی تر پێشنیار بکە","Başka mekân öner","Suggest another place"
"suggest.needLocation","حدّد موقع المكان على الخريطة","شوێن لەسەر نەخشە دیاری بکە","Mekânın konumunu haritada seçin","Pick the place's location on the map"
"suggest.invalid","تحقّق من الحقول المطلوبة","خانە پێویستەکان بپشکنە","Zorunlu alanları kontrol edin","Check the required fields"
"suggest.reviewNote","كل الاقتراحات تمر بمراجعة قبل النشر","هەموو پێشنیارەکان پێش بڵاوکردنەوە پێداچوونەوەیان بۆ دەکرێت","Tüm öneriler yayınlanmadan önce incelenir","Every suggestion is reviewed before it goes live"
"suggest.loginToSuggest","سجّل الدخول لتقترح مكاناً","بچۆ ژوورەوە بۆ پێشنیارکردن","Mekân önermek için giriş yapın","Log in to suggest a place"
"suggest.mine","مساهماتي","بەشدارییەکانم","Katkılarım","My contributions"
"suggest.status.pending","قيد المراجعة","لە پێداچوونەوەدایە","İnceleniyor","Under review"
"suggest.status.approved","تمت الموافقة","پەسەند کرا","Onaylandı","Approved"
"suggest.status.rejected","مرفوض","ڕەتکرایەوە","Reddedildi","Rejected"
"suggest.empty","لم تقترح شيئاً بعد","هێشتا هیچت پێشنیار نەکردووە","Henüz bir şey önermediniz","You haven't suggested anything yet"
"suggest.typeNew","مكان جديد","شوێنی نوێ","Yeni mekân","New place"
"suggest.typeEdit","تعديل","دەستکاری","Düzenleme","Edit"
"suggest.pickCategory","اختر التصنيف","پۆل هەڵبژێرە","Kategori seçin","Choose a category"
"claim.cta","هل أنت صاحب النشاط؟","تۆ خاوەنی چالاکییەکەیت؟","İşletme sahibi misiniz?","Are you the owner?"
"claim.title","المطالبة بصفحة النشاط","داواکردنی پەڕەی چالاکی","İşletme sayfasını talep et","Claim this business page"
"claim.intro","أرسل رقماً نتواصل معك عليه وصورة تثبت ملكيتك (هوية، إجازة، أو واجهة المحل).","ژمارەیەک بنێرە پەیوەندیت پێوە بکەین و وێنەیەک کە خاوەندارێتیت بسەلمێنێت (ناسنامە، مۆڵەت، یان بەرەوڕووی دوکان).","Size ulaşabileceğimiz bir numara ve sahipliğinizi gösteren bir fotoğraf gönderin (kimlik, ruhsat veya dükkân cephesi).","Send a number we can reach you on and a photo that proves ownership (ID, licence or the shop front)."
"claim.phone","رقم التواصل","ژمارەی پەیوەندی","İletişim numarası","Contact number"
"claim.proof","صورة الإثبات","وێنەی بەڵگە","Kanıt fotoğrafı","Proof photo"
"claim.submit","إرسال المطالبة","ناردنی داواکاری","Talebi gönder","Send claim"
"claim.sent","وصلت مطالبتك وسنتواصل معك قريباً","داواکارییەکەت گەیشت، بەم زووانە پەیوەندیت پێوە دەکەین","Talebiniz alındı, sizinle iletişime geçeceğiz","Your claim was received — we'll be in touch soon"
"claim.already","لديك مطالبة قيد المراجعة لهذه الصفحة","داواکارییەکی پێداچوونەوەت هەیە بۆ ئەم پەڕەیە","Bu sayfa için bekleyen bir talebiniz var","You already have a pending claim for this page"
"claim.owned","هذه الصفحة لها مالك بالفعل","ئەم پەڕەیە پێشتر خاوەنی هەیە","Bu sayfanın zaten bir sahibi var","This page already has an owner"
"claim.uploadError","فشل رفع الصورة","بارکردنی وێنە سەرکەوتوو نەبوو","Fotoğraf yüklenemedi","Photo upload failed"
"claim.loginToClaim","سجّل الدخول للمطالبة بالصفحة","بچۆ ژوورەوە بۆ داواکردنی پەڕە","Sayfayı talep etmek için giriş yapın","Log in to claim this page"
"claim.typeClaim","مطالبة","داواکاری","Talep","Claim"
"dash.title","لوحة النشاط","داشبۆردی چالاکی","İşletme paneli","Business dashboard"
"dash.myPlaces","أنشطتي","چالاکییەکانم","İşletmelerim","My businesses"
"dash.none","ليس لديك أنشطة بعد — اقترح مكاناً أو طالب بصفحة موجودة","هێشتا هیچ چالاکییەکت نییە — شوێنێک پێشنیار بکە یان پەڕەیەک داوا بکە","Henüz işletmeniz yok — bir mekân önerin veya mevcut bir sayfayı talep edin","You have no businesses yet — suggest a place or claim an existing page"
"dash.status.pending","قيد المراجعة","لە پێداچوونەوەدایە","İnceleniyor","Under review"
"dash.status.active","منشور","بڵاوکراوەتەوە","Yayında","Live"
"dash.status.suspended","موقوف","ڕاگیراوە","Askıda","Suspended"
"dash.stats","الإحصائيات","ئامار","İstatistikler","Statistics"
"dash.lastDays","آخر {n} يوماً","{n} ڕۆژی ڕابردوو","Son {n} gün","Last {n} days"
"dash.views","مشاهدات","بینین","Görüntülenme","Views"
"dash.contacts","اتصال وواتساب","پەیوەندی و واتساپ","Arama ve WhatsApp","Calls & WhatsApp"
"dash.directions","اتجاهات","ڕێنمایی","Yol tarifi","Directions"
"dash.followers","متابعون","فۆڵۆوەر","Takipçi","Followers"
"dash.rating","التقييم","هەڵسەنگاندن","Puan","Rating"
"dash.info","معلومات الصفحة","زانیاری پەڕە","Sayfa bilgileri","Page info"
"dash.hours","ساعات العمل","کاتی کارکردن","Çalışma saatleri","Opening hours"
"dash.special","ساعات خاصة (رمضان / عطل)","کاتی تایبەت (ڕەمەزان / پشووەکان)","Özel saatler (Ramazan / tatiller)","Special hours (Ramadan / holidays)"
"dash.amenities","المرافق","ڕەوشەکان","Olanaklar","Amenities"
"dash.suitability","مناسب لـ","گونجاوە بۆ","Uygun","Good for"
"dash.products","المنتجات والخدمات","کاڵا و خزمەتگوزارییەکان","Ürünler ve hizmetler","Products & services"
"dash.gallery","معرض الصور","گەلەری وێنە","Galeri","Gallery"
"dash.offers","العروض","ئۆفەرەکان","Fırsatlar","Offers"
"dash.save","حفظ","پاشەکەوتکردن","Kaydet","Save"
"dash.saved","تم الحفظ","پاشەکەوت کرا","Kaydedildi","Saved"
"dash.logo","الشعار","لۆگۆ","Logo","Logo"
"dash.cover","الغلاف","بەرگ","Kapak","Cover"
"dash.open","من","لە","Açılış","Opens"
"dash.close","إلى","بۆ","Kapanış","Closes"
"dash.closedDay","مغلق","داخراوە","Kapalı","Closed"
"dash.allDay","٢٤ ساعة","٢٤ کاتژمێر","24 saat","24 hours"
"dash.add","إضافة","زیادکردن","Ekle","Add"
"dash.remove","حذف","سڕینەوە","Sil","Remove"
"dash.label","المناسبة","بۆنە","Etiket","Occasion"
"dash.from","من تاريخ","لە بەرواری","Başlangıç","From date"
"dash.to","إلى تاريخ","بۆ بەرواری","Bitiş","To date"
"dash.productName","الاسم","ناو","Ad","Name"
"dash.price","السعر (د.ع)","نرخ (د.ع)","Fiyat (IQD)","Price (IQD)"
"dash.viewPage","عرض الصفحة","بینینی پەڕە","Sayfayı gör","View page"
"dash.priceLevel","مستوى السعر","ئاستی نرخ","Fiyat düzeyi","Price level"
"dash.website","الموقع الإلكتروني","ماڵپەڕ","Web sitesi","Website"
"dash.whatsapp","واتساب","واتساپ","WhatsApp","WhatsApp"
"dash.location","الموقع على الخريطة","شوێن لەسەر نەخشە","Haritadaki konum","Location on the map"
"dash.budgetFor","الميزانية","بودجە","Bütçe","Budget"
"dash.noOffers","لا توجد عروض فعّالة","هیچ ئۆفەرێکی چالاک نییە","Aktif fırsat yok","No active offers"
"dash.upload","رفع صورة","بارکردنی وێنە","Fotoğraf yükle","Upload photo"
"dash.verifyHint","تحقّق فريقنا من معلوماتك يرفع ثقة الزوار — تواصل معنا لطلب زيارة تحقق.","پشتڕاستکردنەوەی زانیارییەکانت باوەڕی بینەران زیاد دەکات — پەیوەندیمان پێوە بکە.","Bilgilerinizin ekibimizce doğrulanması ziyaretçi güvenini artırır — bize ulaşın.","Having our team verify your info raises visitor trust — contact us to request a visit."
"dash.wip","قيد المراجعة: لن تظهر صفحتك للعامة قبل موافقة الفريق.","لە پێداچوونەوەدایە: پەڕەکەت بۆ گشتی دەرناکەوێت تا تیمەکەمان پەسەندی بکات.","İnceleniyor: ekibimiz onaylayana kadar sayfanız herkese açık olmaz.","Under review: your page stays hidden from the public until our team approves it."
"dash.suspended","هذه الصفحة موقوفة، تواصل مع الإدارة.","ئەم پەڕەیە ڕاگیراوە، پەیوەندی بە بەڕێوەبردنەوە بکە.","Bu sayfa askıda, yönetimle iletişime geçin.","This page is suspended — contact the admins."
"dash.dayNames","الأحد,الاثنين,الثلاثاء,الأربعاء,الخميس,الجمعة,السبت","یەکشەممە,دووشەممە,سێشەممە,چوارشەممە,پێنجشەممە,هەینی,شەممە","Pazar,Pazartesi,Salı,Çarşamba,Perşembe,Cuma,Cumartesi","Sunday,Monday,Tuesday,Wednesday,Thursday,Friday,Saturday"
"misc.saved.title","المحفوظات","پاشەکەوتکراوەکان","Kaydedilenler","Saved"
"misc.saved.places","أماكن","شوێنەکان","Mekânlar","Places"
"misc.saved.offers","عروض","ئۆفەرەکان","Fırsatlar","Offers"
"misc.saved.events","فعاليات","بۆنەکان","Etkinlikler","Events"
"misc.saved.listings","إعلانات","ڕیکلامەکان","İlanlar","Ads"
"misc.saved.empty","لم تحفظ شيئاً بعد","هێشتا هیچت پاشەکەوت نەکردووە","Henüz bir şey kaydetmediniz","You haven't saved anything yet"
"misc.saved.hint","احفظ الأماكن والعروض والفعاليات لتجدها هنا","شوێن و ئۆفەر و بۆنەکان پاشەکەوت بکە بۆ ئەوەی لێرە بیانبینیتەوە","Mekân, fırsat ve etkinlikleri kaydedin, burada bulun","Save places, offers and events to find them here"
"misc.saved.save","حفظ","پاشەکەوتکردن","Kaydet","Save"
"misc.saved.isSaved","محفوظ","پاشەکەوتکراوە","Kaydedildi","Saved"
"misc.saved.loginToSave","سجّل الدخول للحفظ","بچۆ ژوورەوە بۆ پاشەکەوتکردن","Kaydetmek için giriş yapın","Log in to save"
"misc.saved.endsSoon","ينتهي قريباً","بەم زووانە تەواو دەبێت","Yakında bitiyor","Ends soon"
"misc.saved.past","انتهت","تەواو بوو","Bitti","Ended"
"misc.collections.title","قوائم منسّقة","لیستی هەڵبژێردراو","Küratörlü listeler","Curated lists"
"misc.collections.empty","لا توجد قوائم بعد","هێشتا هیچ لیستێک نییە","Henüz liste yok","No lists yet"
"misc.collections.places","مكان","شوێن","mekân","places"
"misc.collections.shareWa","شارك القائمة عبر واتساب","لیستەکە بە واتساپ هاوبەش بکە","Listeyi WhatsApp'ta paylaş","Share this list on WhatsApp"
"misc.collections.back","كل القوائم","هەموو لیستەکان","Tüm listeler","All lists"
"misc.share.whatsapp","واتساب","واتساپ","WhatsApp","WhatsApp"
"misc.legal.privacy","الخصوصية","تایبەتمەندی","Gizlilik","Privacy"
"misc.legal.terms","شروط الاستخدام","مەرجەکانی بەکارهێنان","Kullanım şartları","Terms of use"
"misc.legal.content","سياسة المحتوى","سیاسەتی ناوەڕۆک","İçerik politikası","Content policy"
"misc.legal.suggest","اقترح مكاناً","شوێنێک پێشنیار بکە","Mekân öner","Suggest a place"
"misc.legal.rights","جميع الحقوق محفوظة","هەموو مافەکان پارێزراون","Tüm hakları saklıdır","All rights reserved"
"misc.legal.updated","آخر تحديث","دوایین نوێکردنەوە","Son güncelleme","Last updated"
"misc.del.link","حذف حسابي","سڕینەوەی هەژمارەکەم","Hesabımı sil","Delete my account"
"misc.del.title","حذف الحساب","سڕینەوەی هەژمار","Hesabı sil","Delete account"
"misc.del.warn","سيتم حذف حسابك وكل منشوراتك وتقييماتك ومحفوظاتك نهائياً ولا يمكن التراجع. الأنشطة التي تملكها تبقى منشورة بدون مالك.","هەژمار و هەموو پۆست و هەڵسەنگاندن و پاشەکەوتکراوەکانت بە یەکجاری دەسڕدرێنەوە و ناگەڕێتەوە. ئەو چالاکییانەی خاوەنیانیت بێ خاوەن دەمێننەوە.","Hesabınız, tüm gönderileriniz, değerlendirmeleriniz ve kayıtlarınız kalıcı olarak silinir, geri alınamaz. Sahibi olduğunuz işletmeler sahipsiz olarak yayında kalır.","Your account, posts, reviews and saved items will be permanently deleted. This cannot be undone. Businesses you own stay published without an owner."
"misc.del.confirm","اكتب كلمة «{word}» للتأكيد","وشەی «{word}» بنووسە بۆ دڵنیابوون","Onaylamak için «{word}» yazın","Type “{word}” to confirm"
"misc.del.word","حذف","سڕینەوە","SİL","DELETE"
"misc.del.button","حذف حسابي نهائياً","هەژمارەکەم بە یەکجاری بسڕەوە","Hesabımı kalıcı olarak sil","Permanently delete my account"
"misc.del.lastAdmin","أنت المدير الوحيد، عيّن مديراً آخر أولاً","تۆ تاکە بەڕێوەبەریت، سەرەتا بەڕێوەبەرێکی تر دابنێ","Tek yöneticisiniz, önce başka bir yönetici atayın","You are the only admin — assign another admin first"
"misc.del.error","تعذّر حذف الحساب","نەتوانرا هەژمار بسڕدرێتەوە","Hesap silinemedi","Couldn't delete the account"
"misc.del.done","تم حذف حسابك","هەژمارەکەت سڕایەوە","Hesabınız silindi","Your account was deleted"
"misc.err.title","حدث خطأ غير متوقع","هەڵەیەکی چاوەڕواننەکراو ڕوویدا","Beklenmedik bir hata oluştu","Something unexpected happened"
"misc.err.retry","حاول مجدداً","دووبارە هەوڵبدەرەوە","Tekrar dene","Try again"
"misc.err.home","الرئيسية","سەرەکی","Ana sayfa","Home"
"misc.err.offline","أنت غير متصل بالإنترنت","پەیوەندیت بە ئینتەرنێتەوە نییە","İnternet bağlantınız yok","You're offline"
"misc.err.offlineHint","الصفحات التي زرتها سابقاً قد تبقى متاحة. تحقق من اتصالك ثم حاول مجدداً.","ئەو لاپەڕانەی پێشتر بینیوتن لەوانەیە بەردەست بن. پەیوەندیەکەت بپشکنە و دووبارە هەوڵبدەرەوە.","Daha önce ziyaret ettiğiniz sayfalar açılabilir. Bağlantınızı kontrol edip tekrar deneyin.","Pages you visited before may still work. Check your connection and try again."
"money.title","الأسعار والباقات","نرخ و باقەکان","Fiyatlar ve paketler","Pricing & plans"
"money.subtitle","ابدأ مجاناً، وارتقِ عندما تريد وصولاً أكبر","بە خۆڕایی دەستپێبکە، و کاتێک ویستت بەرزی بکەرەوە","Ücretsiz başlayın, daha fazla erişim için yükseltin","Start free, upgrade when you want more reach"
"money.perMonth","د.ع / {n} يوماً","د.ع / {n} ڕۆژ","IQD / {n} gün","IQD / {n} days"
"money.free","مجاناً","بێبەرامبەر","Ücretsiz","Free"
"money.current","باقتك الحالية","باقەی ئێستات","Mevcut paketiniz","Your current plan"
"money.request","اطلب هذه الباقة","ئەم باقەیە داوا بکە","Bu paketi talep et","Request this plan"
"money.requested","وصلنا طلبك — سنتواصل معك لتأكيد الدفع وتفعيل الباقة","داواکارییەکەت گەیشت — پەیوەندیت پێوە دەکەین بۆ دڵنیابوونەوە لە پارەدان و چالاککردنی باقە","Talebiniz alındı — ödemeyi onaylamak ve paketi etkinleştirmek için sizinle iletişime geçeceğiz","We got your request — we'll contact you to confirm payment and activate the plan"
"money.pending","طلب قيد المراجعة","داواکاری لە پێداچوونەوەدایە","Talep inceleniyor","Request under review"
"money.cancelRequest","إلغاء الطلب","هەڵوەشاندنەوەی داواکاری","Talebi iptal et","Cancel request"
"money.business","النشاط","چالاکی","İşletme","Business"
"money.note","ملاحظة (رقم الحوالة…)","تێبینی (ژمارەی حەواڵە…)","Not (havale numarası…)","Note (transfer number…)"
"money.noBusiness","أضف نشاطاً أو طالب بصفحة لتتمكن من الاشتراك","چالاکییەک زیاد بکە یان پەڕەیەک داوا بکە بۆ ئەوەی بتوانیت بەشداربیت","Abone olmak için bir işletme ekleyin veya bir sayfa talep edin","Add a business or claim a page to subscribe"
"money.howToPay","الدفع حالياً نقداً أو بتحويل (زين كاش / فاست باي / كي كارد) عبر فريقنا، ثم نفعّل الباقة يدوياً خلال يوم عمل.","ئێستا پارەدان بە کاش یان حەواڵە (زەین کاش / فاست پەی / کی کارد)ە لەڕێی تیمەکەمانەوە، پاشان باقەکە بە دەست چالاک دەکەین لە ماوەی ڕۆژێکی کاردا.","Şu an ödeme ekibimiz aracılığıyla nakit veya havale (ZainCash / FastPay / Qi Card) ile yapılır; paketi bir iş günü içinde elle etkinleştiririz.","For now payment is cash or transfer (ZainCash / FastPay / Qi Card) through our team, and we activate the plan manually within one working day."
"money.contact","تواصل عبر واتساب","بە واتساپ پەیوەندی بکە","WhatsApp ile iletişim","Contact on WhatsApp"
"money.activeUntil","فعّالة حتى {date}","چالاکە تا {date}","{date} tarihine kadar geçerli","Active until {date}"
"money.sponsored","إعلان","ڕیکلام","Reklam","Ad"
"money.limitImages","وصلت الحد الأقصى للصور في الباقة المجانية (5). رقِّ باقتك لإضافة المزيد.","گەیشتیتە زۆرترین ژمارەی وێنە لە باقەی بێبەرامبەر (٥). باقەکەت بەرز بکەرەوە.","Ücretsiz pakette fotoğraf sınırına ulaştınız (5). Daha fazlası için paketinizi yükseltin.","You've reached the photo limit of the free plan (5). Upgrade to add more."
"money.limitOffers","لديك عرض فعّال بالفعل؛ الباقة المجانية تسمح بعرض واحد في كل مرة.","ئۆفەرێکی چالاکت هەیە؛ باقەی بێبەرامبەر تەنها ئۆفەرێک لە هەر کاتێکدا ڕێگە دەدات.","Zaten aktif bir fırsatınız var; ücretsiz paket aynı anda bir fırsata izin verir.","You already have a live offer; the free plan allows one at a time."
"money.plan","الباقة","باقە","Paket","Plan"
"money.upgrade","ترقية الباقة","بەرزکردنەوەی باقە","Paketi yükselt","Upgrade plan"
"money.loginOwner","سجّل الدخول لتطلب باقة","بچۆ ژوورەوە بۆ داواکردنی باقە","Paket talep etmek için giriş yapın","Log in to request a plan"
"money.pricing","الأسعار","نرخەکان","Fiyatlar","Pricing"
"money.planNames.free","مجانية","بێبەرامبەر","Ücretsiz","Free"
"money.planNames.pro","احترافية","پیشەگەر","Profesyonel","Pro"
"money.planNames.featured","مميزة","تایبەت","Öne çıkan","Featured"
"trust.verifiedAgo","تحققنا من المعلومات {when}","زانیارییەکانمان پشتڕاست کردەوە {when}","Bilgileri doğruladık: {when}","We verified this info {when}"
"trust.neverVerified","لم نتحقق من المعلومات بعد","هێشتا زانیارییەکان پشتڕاست نەکراونەتەوە","Bilgiler henüz doğrulanmadı","Not verified yet"
"trust.wrongInfo","المعلومة غلط؟","زانیارییەکە هەڵەیە؟","Bilgi yanlış mı?","Wrong info?"
"trust.wrongThanks","شكراً، سنراجعها","سوپاس، پێداچوونەوەی بۆ دەکەین","Teşekkürler, inceleyeceğiz","Thanks, we will review it"
"trust.hoursUnknown","الساعات غير معروفة","کاتژمێرەکان نەزانراون","Saatler bilinmiyor","Hours unknown"
"trust.priceLevel","مستوى السعر","ئاستی نرخ","Fiyat düzeyi","Price level"
